3.330116472545757,5.846921797004992,2.6775374376039935,4.24026622296173,3.047587354409318,5.522462562396007,9.081863560732113,1.4995008319467553,9.746755407653911,7.747088186356073,6.348752079866888,5.633610648918469,5.437936772046589,5.980698835274542,6.149417637271215,6.793011647254576,5.356073211314476,6.400332778702163,4.453577371048253,1.881198003327787,7.64026622296173,9.4522462562396,9.483194675540766,0.6096505823627287,2.772712146422629,1.3377703826955074,7.777038269550749,9.174043261231281,9.27720465890183,2.3547420965058237,9.293178036605656,7.168386023294509,7.530116472545757,6.103826955074875,6.1287853577371045,6.230948419301165,6.0126455906821965,2.7424292845257905,6.44126455906822,1.989018302828619,2.0299500831946755,6.393677204658902,6.248252911813644,6.960066555740433,8.387687188019967,3.2692179700499167,3.1470881863560733,6.13810316139767,6.621963394342762,6.6143094841930115
5.126455906821963,6.4369384359401,2.7920133111480867,1.1554076539101497,2.634276206322795,0.0,9.364059900166389,0.0,0.4193011647254576,0.47254575707154745,0.6289517470881864,0.7587354409317804,0.9750415973377704,1.1148086522462561,1.454242928452579,1.973377703826955,4.6951747088186355,4.356405990016639,3.9434276206322796,4.379700499168053,4.863560732113145,4.552079866888519,4.816638935108153,5.998668885191348,6.259234608985025,5.534109816971714,4.761064891846922,5.063893510815308,5.273544093178036,5.372046589018303,5.721464226289518,5.329118136439268,4.520465890183028,4.860232945091514,6.027953410981697,6.066222961730449,4.915141430948419,6.798003327787022,4.979700499168053,6.642928452579035,4.525124792013311,5.00432612312812,6.535108153078203,6.393011647254576,6.2369384359400994,4.664891846921797,4.790682196339434,6.044925124792013,4.699833610648918,4.740432612312812
7.136439267886855,3.5467554076539103,5.893178036605657,7.401663893510816,0.1713810316139767,1.9747088186356072,7.565391014975042,0.08119800332778702,0.03594009983361065,2.4868552412645593,3.930116472545757,0.0,0.6389351081530782,0.7986688851913477,0.7554076539101497,0.9650582362728786,0.908485856905158,1.0183028286189684,4.9477537437604,4.638269550748752,2.4183028286189683,4.718801996672213,2.8193011647254576,8.349417637271214,6.837936772046589,4.881198003327787,4.815307820299501,5.525790349417638,6.372379367720466,5.668219633943427,6.074875207986689,5.914808652246256,6.5141430948419305,1.8768718801996673,1.8412645590682197,6.073544093178037,6.0509151414309486,6.3603993344425955,6.4808652246256235,2.2928452579034944,2.4831946755407652,2.140432612312812,8.94675540765391,6.924792013311148,2.5913477537437606,9.202662229617305,7.649251247920133,2.918801996672213,2.935108153078203,8.211314475873545
5.003660565723794,3.5913477537437606,3.1700499168053247,3.6828618968386024,0.27387687188019966,0.0,0.0,9.676871880199668,2.0655574043261233,2.053910149750416,0.0,4.82828618968386,4.17603993344426,4.508485856905158,3.308153078202995,4.260565723793677,3.298835274542429,3.768386023294509,3.784026622296173,5.566056572379368,0.0129783693843594,9.979700499168054,3.6522462562396005,1.248585690515807,8.215973377703827,4.896173044925125,1.2013311148086523,1.609983361064892,5.0509151414309486,5.466555740432613,8.738768718801996,1.572712146422629,1.7054908485856906,6.2232945091514145,6.4289517470881865,6.322795341098169,6.22063227953411,6.4722129783693845,6.354076539101498,6.5883527454242925,3.3710482529118138,3.307820299500832,6.832945091514143,6.753078202995009,6.919134775374376,2.604658901830283,2.447920133111481,7.287853577371048,7.151414309484193,4.680532445923461
3.59567387687188,4.19667221297837,0.27920133111480866,5.977038269550749,4.978702163061564,0.06688851913477538,3.638935108153078,0.4442595673876872,9.702828618968386,5.672545757071547,8.693178036605657,9.293843594009983,6.167720465890183,9.41297836938436,1.5291181364392679,1.3354409317803662,5.533777038269551,6.312479201331115,5.545424292845258,0.637603993344426,0.6266222961730449,9.135440931780366,9.175374376039933,1.2006655574043261,8.224625623960067,6.185357737104825,5.992678868552413,5.961064891846922,5.833610648918469,6.3011647254575704,6.061231281198003,7.780698835274542,7.734442595673877,7.66955074875208,3.9983361064891847,7.577371048252912,6.404326123128119,6.0342762063227955,6.284525790349417,8.785024958402662,1.9777038269550749,6.754409317803661,8.177703826955074,2.9227953410981695,8.509484193011648,2.433277870216306,3.4748752079866887,2.138768718801997,6.367720465890183,7.263893510815308
2.7001663893510814,2.5870216306156406,2.2672212978369384,5.899168053244592,5.190682196339434,9.95108153078203,0.9530782029950083,3.1687188019966723,5.212312811980033,5.233610648918469,3.4615640599001662,2.194342762063228,3.885191347753744,1.9287853577371048,2.882529118136439,8.560399334442595,6.4765391014975044,6.598668885191348,6.876206322795341,6.714475873544093,6.958402662229617,7.033943427620632,7.014975041597338,6.642262895174709,3.8096505823627287,3.588352745424293,7.145757071547421,7.680865224625624,2.670216306156406,2.009317803660566,8.892179700499169,7.636605657237936,7.84126455906822,7.833943427620632,8.050582362728786,8.855906821963394,3.9201331114808653,8.862895174708818,7.818635607321132,7.7174708818635605,7.745091514143095,2.799667221297837,9.20765391014975,7.756073211314476,8.668219633943428,9.372379367720466,9.5414309484193,9.640599001663894,6.7940099833610645,7.990349417637272
7.646921797004992,6.263227953410982,0.43527454242928454,2.0965058236272878,2.5417637271214644,4.650249584026622,5.332445923460899,9.809317803660566,9.742762063227953,0.243261231281198,9.191347753743761,4.190016638935108,4.0768718801996675,4.333444259567388,4.964725457570715,1.0738768718801996,0.9780366056572379,4.667221297836939,5.09783693843594,5.307154742096506,6.093843594009983,5.945757071547421,5.848585690515807,6.657903494176373,6.548086522462563,2.1643926788685524,2.8549084858569054,6.753743760399335,6.114808652246256,5.8798668885191345,5.59234608985025,6.226622296173045,8.127787021630615,2.789018302828619,2.6249584026622297,5.882529118136439,6.009983361064892,5.847920133111481,6.063560732113145,5.996339434276206,5.858569051580699,5.69450915141431,8.792678868552413,2.052911813643927,8.86522462562396,6.324792013311148,6.775707154742096,6.38801996672213,6.425956738768718,7.895507487520798
0.6039933444259568,3.5803660565723794,0.07021630615640599,6.572046589018303,0.7400998336106489,2.8961730449251246,3.6419301164725457,0.30615640599001664,9.78901830282862,5.405324459234609,0.324126455906822,0.34575707154742097,4.316805324459235,5.820632279534109,4.646256239600666,5.430948419301164,5.150748752079867,4.820965058236273,4.7846921797004995,4.708818635607321,4.619633943427621,5.08153078202995,4.937437603993344,4.825956738768719,4.623627287853577,7.14342762063228,2.6732113144758736,7.192678868552413,4.657903494176373,5.993677204658902,5.419633943427621,2.768053244592346,2.810981697171381,1.9613976705490848,1.9697171381031613,3.2073211314475873,3.052246256239601,6.995008319467554,7.104492512479202,6.803660565723794,7.412645590682196,6.829284525790349,6.882861896838603,7.121797004991681,6.946089850249584,6.792346089850249,7.172379367720466,2.3114808652246257,8.859900166389352,7.047587354409318
4.0905158069883525,1.7707154742096505,3.162063227953411,3.406988352745424,0.008985024958402662,9.73910149750416,1.4206322795341098,1.3344425956738768,5.2579034941763725,8.977371048252913,9.023960066555741,7.864559068219634,2.464559068219634,2.1707154742096506,2.0149750415973378,2.1863560732113143,5.122129783693843,5.356073211314476,5.279201331114809,5.037603993344426,5.433943427620632,6.479866888519135,6.316139767054908,6.169051580698835,6.178369384359401,6.295174708818635,1.962728785357737,2.0668885191347752,6.598668885191348,6.240931780366057,6.502495840266223,7.319800332778702,6.9657237936772045,7.203993344425957,6.655574043261232,7.0725457570715475,7.64891846921797,7.636605657237936,7.453577371048253,7.057903494176372,7.329783693843594,7.570715474209651,3.8838602329450915,4.44891846921797,9.231613976705491,3.8888519134775374,3.871214642262895,7.8632279534109815,9.213976705490849,2.7274542429284527
3.50981697171381,4.025291181364393,6.4851913477537435,3.6545757071547422,9.692512479201332,5.020965058236273,5.7427620632279535,4.024292845257904,8.896838602329451,8.261231281198004,8.205324459234609,8.562728785357738,1.7950083194675541,6.8625623960066555,2.000665557404326,9.017637271214642,8.230615640599002,8.156405990016639,7.96738768718802,6.89450915141431,6.746089850249584,4.095507487520798,1.5963394342762063,8.425623960066556,7.514475873544093,7.595008319467554,7.6173044925124795,5.095840266222962,7.096838602329451,4.19134775374376,8.521797004991681,7.233610648918469,7.756405990016639,7.591014975041597,7.492845257903494,2.8998336106489186,2.7856905158069885,8.321131447587355,7.780033277870216,8.04126455906822,8.056239600665558,8.469883527454243,6.461564059900167,9.457903494176373,4.496173044925125,4.512479201331115,9.476539101497504,3.2945091514143097,3.193677204658902,5.009650582362728
2.946089850249584,3.0016638935108153,5.191014975041598,6.324459234608985,1.8998336106489184,5.331447587354409,3.7876871880199667,0.8309484193011647,0.9221297836938436,5.321131447587354,3.086522462562396,2.427620632279534,4.590682196339435,4.466555740432613,3.63261231281198,9.618968386023294,9.781364392678869,6.61297836938436,6.637271214642263,8.801331114808653,1.2342762063227954,1.1826955074875207,1.5011647254575706,5.839267886855241,5.25324459234609,5.554742096505824,5.752745424292845,5.804991680532446,2.7787021630615643,2.604991680532446,5.901164725457571,5.739767054908486,5.972046589018303,5.601663893510815,6.172379367720466,2.772046589018303,8.34442595673877,6.815973377703827,2.1613976705490847,2.140432612312812,7.05757071547421,7.015307820299501,7.181697171381032,7.249584026622296,7.074875207986689,6.874542429284526,8.631281198003327,3.4319467554076537,3.5274542429284526,7.102495840266223
5.9630615640599,3.4143094841930117,3.734109816971714,7.275873544093178,2.6202995008319467,1.7647254575707154,5.894176372712146,2.031946755407654,2.0991680532445924,7.7038269550748755,7.610981697171381,7.853577371048253,6.900499168053245,6.681863560732113,6.7081530782029954,6.7550748752079866,1.8795341098169718,1.84891846921797,7.439600665557404,6.934109816971714,9.023294509151414,1.6945091514143096,1.7933444259567388,6.07720465890183,6.391014975041597,6.834941763727121,6.33477537437604,6.795008319467554,8.383028286189683,8.474875207986688,3.3121464226289516,3.487520798668885,6.822296173044925,6.831281198003328,6.888851913477537,7.523793677204659,9.096505823627288,2.512146422628952,9.149417637271215,7.313144758735441,7.2795341098169715,7.313477537437604,2.7387687188019965,2.7454242928452577,7.937437603993344,7.948086522462562,7.6266222961730445,7.327454242928453,7.76738768718802,7.649584026622296
1.90216306156406,2.6955074875207985,8.699833610648918,3.654908485856905,2.6565723793677205,0.003660565723793677,0.010316139767054908,9.98801996672213,0.3520798668885191,4.0342762063227955,4.748419301164725,4.369717138103161,4.870881863560732,4.782362728785357,5.2226289517470885,5.816971713810316,6.683527454242928,2.151414309484193,2.1008319467554077,6.604991680532446,7.003993344425957,7.462229617304493,3.638269550748752,3.4316139767054907,4.655906821963394,4.819633943427621,7.55973377703827,7.625623960066556,7.724126455906822,2.6835274542429284,2.7737104825291183,7.83261231281198,7.5876871880199666,7.691846921797005,7.958735440931781,7.77603993344426,7.81630615640599,9.046589018302829,9.074542429284525,9.056239600665558,8.886189683860232,9.016638935108153,7.125457570715474,4.6995008319467555,7.243594009983361,4.450249584026622,3.69783693843594,2.4359400998336107,8.475873544093178,8.030615640599002
5.993011647254575,6.146089850249584,7.838935108153078,6.704492512479201,0.8798668885191347,6.882196339434276,2.4608985024958403,0.09983361064891846,0.22795341098169716,2.3058236272878534,3.956073211314476,3.0346089850249585,0.05690515806988353,9.977038269550748,5.722462562396006,4.182362728785358,4.640931780366056,4.867554076539101,4.929783693843594,1.3091514143094842,2.854575707154742,7.943760399334443,3.2762063227953413,3.3810316139767056,6.663227953410981,6.572046589018303,6.217304492512479,6.3690515806988355,6.590682196339435,7.284193011647255,7.180366056572379,8.618968386023294,1.9371048252911813,1.8955074875207987,7.398336106489185,7.456905158069883,8.88153078202995,8.95973377703827,3.949750415973378,8.830282861896839,4.00865224625624,2.194342762063228,2.765391014975042,7.783361064891847,7.668219633943427,7.877537437603993,8.809650582362728,4.195341098169717,4.194009983361065,8.057903494176372
1.7207986688851913,4.838602329450915,6.379700499168053,4.186023294509152,4.696838602329451,9.628951747088186,5.972712146422629,0.18136439267886856,0.21963394342762063,5.10981697171381,5.463893510815308,6.168386023294509,6.46089850249584,6.149084858569052,6.756738768718802,6.814975041597338,7.484525790349418,7.135108153078203,3.696838602329451,1.924792013311148,2.594009983361065,6.766722129783694,6.840599001663893,3.6029950083194677,3.6066555740432613,5.178702163061564,8.428951747088187,7.610981697171381,7.767054908485857,7.685524126455907,7.753410981697171,2.7587354409317806,2.870549084858569,8.06522462562396,4.663227953410981,4.442928452579035,8.178036605657239,8.448252911813643,5.851913477537438,8.797670549084858,8.299833610648918,9.31747088186356,9.50549084858569,3.237271214642263,3.178036605657238,8.583028286189684,8.446589018302829,8.580033277870216,8.501830282861897,8.694509151414309,3.803660565723794,5.490515806988353,8.331780366056572,9.457903494176373,2.698835274542429,4.862895174708819,5.760399334442596,5.811314475873544,4.805324459234609,9.147753743760399,8.701830282861897,3.355740432612313,3.345091514143095,8.673211314475873,8.906821963394343,8.673211314475873,4.713144758735441,3.395008319467554,9.275873544093178,8.529118136439267,8.834941763727121,8.905490848585691,3.463560732113145,2.724459234608985,9.109484193011648,8.73044925124792,8.62495840266223,8.785690515806989,9.080199667221297,5.184026622296173,9.301164725457571,8.804991680532446,3.015973377703827,8.194342762063227,9.462229617304493,4.800665557404326,2.6885191347753743,3.566722129783694,5.209983361064892,5.159733777038269,9.152412645590681,8.901164725457571,8.847920133111481,8.891514143094842,9.27620632279534,9.28053244592346,8.24126455906822,9.53044925124792,2.680865224625624,9.74342762063228
6.301497504159734,6.82828618968386,7.605324459234609,1.4076539101497505,6.147088186356073,6.610981697171381,3.09783693843594,3.825623960066556,6.312479201331115,6.683860232945092,2.0662229617304493,7.346089850249584,1.9261231281198004,2.44459234608985,7.168053244592346,6.384692179700499,7.056239600665557,7.092845257903494,9.416306156405991,0.7843594009983361,0.7670549084858569,6.768718801996672,6.805657237936772,6.400332778702163,5.654242928452579,6.121797004991681,5.570715474209651,6.160066555740433,5.982362728785358,5.9311148086522465,1.8036605657237936,1.7790349417637272,5.804991680532446,6.6915141430948415,6.5790349417637275,6.252579034941764,6.399001663893511,6.584026622296173,8.3783693843594,2.9417637271214643,3.033277870216306,7.006322795341098,2.384359400998336,2.291514143094842,2.8289517470881864,5.046921797004992,7.167720465890183,6.743094841930117,6.7204658901830285,6.539767054908486,7.230282861896838,7.0898502495840265,7.301830282861897,9.10116472545757,9.18136439267887,7.839267886855241,9.173377703826954,2.614642262895175,2.4732113144758734,6.735773710482529,7.748752079866889,6.949417637271215,3.8768718801996673,4.455241264559068,4.574043261231282,8.71846921797005,3.930782029950083,3.679201331114809,8.695507487520798,4.0262895174708815,3.9364392678868554,6.868552412645591,7.494841930116473,7.453910149750416,3.8778702163061562,2.324459234608985,5.085191347753744,7.6605657237936775,8.09683860232945,7.774043261231281,7.9700499168053245,7.871880199667221,7.748752079866889,2.8895174708818634,2.909151414309484,8.896838602329451,6.104825291181364,6.308153078202995,9.1044925124792,3.977703826955075,9.189018302828618,8.411314475873544,8.34009983361065,5.427953410981697,5.344425956738768,3.990349417637271,2.466555740432612,5.494176372712146,5.512479201331115,4.327454242928453
3.2569051580698836,1.583361064891847,7.928785357737105,2.746422628951747,5.092845257903494,1.1747088186356074,2.248252911813644,8.350415973377704,1.0748752079866888,1.4728785357737104,7.358402662229618,5.177703826955075,5.374043261231281,6.492512479201331,5.717803660565724,6.694841930116472,5.157404326123128,7.383028286189684,7.17171381031614,7.270216306156406,7.713477537437604,3.572712146422629,3.887188019966722,6.402329450915142,6.569051580698836,3.033943427620632,1.5414309484193012,8.84891846921797,6.8632279534109815,6.522129783693844,6.835274542429285,6.681863560732113,2.0875207986688853,2.356738768718802,6.657903494176373,6.8885191347753745,7.316472545757072,3.306156405990017,3.639267886855241,7.774043261231281,4.140432612312812,8.773710482529118,7.600998336106489,7.826289517470882,7.5630615640599,8.077537437603993,2.9647254575707156,7.928785357737105,8.362396006655574,4.404326123128119,4.492512479201331,7.7810316139767055,7.851247920133112,9.17936772046589,2.491181364392679,2.5653910149750416,8.00432612312812,7.988019966722129,8.236272878535774,4.26955074875208,4.261896838602329,8.146089850249584,8.332445923460899,8.07487520798669,8.17703826955075,3.140432612312812,9.370382695507487,8.721131447587354,8.653910149750416,3.696505823627288,3.7806988352745425,3.1091514143094843,9.29018302828619,8.579367720465891,8.444259567387688,8.265557404326124,8.5108153078203,3.2828618968386025,3.2236272878535774,8.456239600665558,8.583361064891847,8.650249584026623,8.735108153078203,9.18136439267887,9.432279534109817,2.6043261231281196,5.181697171381032,8.525457570715474,8.460232945091514,3.341763727121464,2.533444259567388,4.6915141430948415,8.744758735440932,8.601331114808652,8.683860232945092,5.6738768718802,6.114475873544094,9.2369384359401,4.687520798668885,4.634941763727121
3.426622296173045,3.779700499168053,3.747088186356073,0.5011647254575707,2.7617304492512478,0.3324459234608985,1.2049916805324459,3.785024958402662,4.350748752079867,5.278535773710482,8.997670549084859,1.1108153078202996,9.171381031613977,2.4525790349417638,2.8722129783693844,6.033277870216306,6.199334442595674,8.915806988352745,2.2146422628951745,2.373377703826955,7.146422628951747,6.916472545757071,7.271547420965058,3.908485856905158,3.962396006655574,7.993011647254575,7.659900166389351,7.668552412645591,7.033277870216306,2.323128119800333,9.190016638935107,8.045257903494177,8.173044925124792,3.0559068219633945,3.0302828618968385,8.198336106489185,8.178702163061564,8.430282861896838,9.141430948419302,8.938768718801997,4.8019966722129785,4.725124792013311,8.069217970049916,8.289850249584026,8.571048252911813,8.278535773710482,8.264559068219635,8.373044925124791,9.151414309484194,9.07820299500832,7.352079866888519,7.348752079866888,9.455574043261231,2.437603993344426,9.498502495840267,8.386688851913478,8.208985024958404,5.80432612312812,7.619633943427621,4.3517470881863565,8.089850249584027,7.345424292845258,7.285191347753743,2.5816971713810317,3.156405990016639,8.620299500831948,4.71414309484193,4.713477537437604,8.619966722129783,8.336439267886854,8.81630615640599,6.377038269550749,4.356738768718802,4.875207986688852,9.37171381031614,5.084858569051581,5.062895174708818,8.714808652246257,8.825623960066556,8.911480865224625,8.518136439267886,8.761730449251248,9.003993344425957,8.9261231281198,2.639267886855241,5.1158069883527455,9.063893510815308,8.581364392678868,9.145091514143095,8.974708818635607,7.178702163061564,8.114808652246257,5.878868552412645,3.91414309484193,4.474209650582362,2.746422628951747,5.159733777038269,8.657903494176372,8.767054908485857,9.058236272878537
4.672545757071547,5.513810316139767,6.512811980033278,3.718801996672213,7.090848585690516,3.741763727121464,6.899500831946756,3.8292845257903494,6.505490848585691,2.4096505823627288,1.0878535773710483,1.1753743760399336,2.2239600665557404,9.22928452579035,7.8286189683860234,7.666888519134775,8.254575707154743,7.906821963394343,8.553743760399334,8.327787021630616,7.882529118136439,7.916472545757071,7.915474209650583,7.680865224625624,6.820632279534109,6.843594009983361,3.119134775374376,8.6,9.047587354409318,2.3544093178036607,1.8405990016638936,3.805657237936772,7.404991680532446,7.256239600665557,7.353410981697172,7.937104825291182,7.320798668885192,3.6778702163061565,4.536772046589018,9.043261231281198,7.97504159733777,7.962728785357737,7.95108153078203,3.9480865224625625,2.5820299500831947,5.295174708818635,8.096505823627288,6.215640599001664,3.0033277870216306,9.10216306156406,7.841930116472546,9.378036605657238,9.403327787021631,3.017304492512479,3.043926788685524,6.993011647254575,9.103826955074876,8.305823627287854,5.955074875207987,5.873876871880199,8.937770382695508,9.538768718801997,4.009317803660566,3.839933444259567,7.866555740432612,4.966056572379368,9.355074875207986,5.0,7.058236272878536,9.180033277870216,8.83793677204659,5.096505823627288,7.234276206322796,9.373710482529118,8.682861896838602,9.617970049916805,2.610981697171381,5.747420965058236,4.9830282861896835,8.878535773710482,3.44459234608985,9.467886855241264,9.015640599001664,6.124126455906822,6.092845257903494,8.585690515806988,7.221630615640599,9.515806988352745,9.486189683860234,3.524792013311148,3.3820299500831945,7.404991680532446,3.3161397670549086,4.859234608985025,9.059567387687188,8.877537437603994,8.89450915141431,8.944425956738769,3.6455906821963393,3.574043261231281
6.450915141430948,1.1963394342762064,4.011314475873544,7.627620632279534,5.5068219633943425,0.8951747088186356,7.2579034941763725,2.985357737104825,2.758069883527454,7.234276206322796,6.866555740432612,7.369384359400998,6.471880199667221,1.2995008319467554,4.157737104825292,7.0429284525790345,6.759068219633943,7.530116472545757,7.2579034941763725,7.212978369384359,7.073544093178037,7.274875207986689,7.894176372712146,3.626622296173045,8.949750415973378,4.454242928452579,2.226955074875208,2.9221297836938436,7.986356073211314,7.74242928452579,8.108153078202996,7.943094841930116,8.112479201331114,8.094176372712147,8.148752079866888,7.9693843594009985,8.109151414309483,8.744758735440932,4.197670549084859,7.0429284525790345,3.1004991680532448,3.1088186356073213,8.235607321131448,4.854908485856905,8.988352745424292,8.323128119800332,8.445257903494177,6.018635607321132,6.019301164725458,3.470881863560732,3.356073211314476,8.753078202995008,8.930782029950084,4.519467554076539,9.433943427620632,9.27287853577371,4.8841930116472545,4.96738768718802,8.68352745424293,8.688519134775374,9.54342762063228,3.5430948419301163,5.035607321131447,4.88153078202995,9.441597337770382,8.888519134775374,8.988352745424292,8.927787021630616,9.191347753743761,9.315474209650583,3.157071547420965,2.5653910149750416,5.131780366056573,9.039933444259567,8.9630615640599,9.323793677204659,6.4549084858569055,6.085191347753744,9.115474209650582,3.7161397670549086,2.6309484193011645,9.470881863560733,8.677537437603993,4.800665557404326,4.691181364392679,5.071547420965058,5.183028286189684,8.952412645590682,3.5101497504159735,9.61630615640599,8.637603993344426,8.736439267886855,8.322462562396007,8.34875207986689,6.117803660565724,3.0023294509151413,3.5430948419301163,8.958069883527454,9.002995008319468,8.95108153078203
2.136772046589018,2.140432612312812,4.02063227953411,5.508485856905158,2.1094841930116472,2.7737104825291183,0.1767054908485857,6.016638935108153,5.51846921797005,5.4858569051580695,4.498502495840266,4.308153078202995,4.774376039933444,4.748752079866889,6.006322795341098,2.2858569051580697,2.3960066555740434,5.9570715474209655,6.165723793677205,6.374043261231281,2.06522462562396,2.0618968386023293,6.206655574043261,7.369384359400998,6.977703826955075,4.571381031613977,8.046589018302829,8.70216306156406,3.639267886855241,3.8093178036605657,7.7377703826955075,7.572046589018303,9.151414309484194,2.7148086522462562,9.238935108153079,7.911480865224625,4.35873544093178,9.272545757071548,3.9444259567387685,7.941763727121464,5.525790349417638,7.959068219633943,9.173377703826954,9.220299500831947,9.249251247920133,3.076871880199667,9.202662229617305,5.761730449251248,3.9271214642262895,2.3377703826955076,4.642595673876872,8.259234608985025,8.293178036605656,8.109484193011648,3.5374376039933444,5.46855241264559,3.1594009983361064,9.214309484193011,7.969051580698835,8.51946755407654,8.06289517470882,8.486855241264559,3.1637271214642264,9.478868552412646,7.302828618968386,9.205657237936773,2.524126455906822,2.5174708818635607,8.878535773710482,8.810981697171382,8.794009983361065,5.941763727121464,6.225623960066556,4.954409317803661,6.577038269550749,4.771381031613977,4.552412645590683,9.504825291181364,3.4965058236272877,3.174376039933444,8.745091514143095,8.49683860232945,8.737437603993344,8.727787021630615,8.556738768718802,8.588019966722129,8.446589018302829,8.113810316139768,8.443261231281198,8.949750415973378,3.524459234608985,9.549084858569051,8.576372712146423,9.131114808652246,7.486522462562396,7.442928452579035,5.954742096505823,5.926123128119801,6.678202995008319,5.101497504159734
1.8605657237936772,2.574043261231281,0.03361064891846922,7.880865224625624,4.769051580698835,5.075873544093178,10.0,0.045257903494176376,0.6306156405990017,6.713477537437604,5.399667221297837,6.226955074875208,0.7860232945091514,0.794675540765391,5.733111480865225,4.4505823627287855,4.637603993344426,5.263893510815308,5.260898502495841,1.8339434276206323,1.9550748752079867,4.956738768718802,5.121131447587355,4.899500831946756,4.814975041597338,4.430615640599002,4.981697171381032,5.377371048252912,2.2898502495840267,2.330782029950083,1.6009983361064892,1.8316139767054909,6.593011647254576,6.549750415973378,6.863893510815307,6.950415973377704,6.688519134775374,6.680532445923461,7.011647254575707,6.814975041597338,7.195008319467554,7.202329450915141,4.294841930116473,6.950748752079867,3.979034941763727,7.583028286189684,2.7281198003327787,2.7484193011647253,7.90981697171381,3.8838602329450915,3.961730449251248,7.786688851913477,7.959400998336107,8.04991680532446,7.580033277870216,7.491514143094842,7.829950083194675,9.48585690515807,9.34009983361065,2.302828618968386,7.149084858569052,4.571381031613977,2.9940099833610647,9.188685524126456,8.199667221297837,8.209650582362729,8.59034941763727,5.4891846921797,3.323793677204659,4.761064891846922,2.978036605657238,8.094841930116473,8.1044925124792,8.95873544093178,9.026955074875207,3.0519134775374375,6.013643926788686,8.34242928452579,8.091846921797005,9.078535773710483,2.3630615640599,2.3983361064891846,8.145091514143095,8.411647254575707,8.198003327787022,5.725124792013311,5.619301164725457,8.021963394342762,8.04792013311148,8.935440931780366,1.950748752079867,9.651580698835275,8.4585690515807,4.560066555740432,7.482196339434276,2.3630615640599,3.1267886855241263,8.682196339434276,8.05757071547421,8.210316139767055
8.344758735440932,5.538103161397671,4.346089850249584,4.623960066555741,2.045590682196339,7.603660565723794,5.933111480865224,5.419633943427621,0.8658901830282862,3.7051580698835274,8.835607321131448,2.1420965058236274,2.2139767054908486,6.768718801996672,6.946422628951747,7.066888519134776,3.579034941763727,3.4818635607321133,7.6179700499168055,4.7204658901830285,4.761397670549085,2.5168053244592348,2.6259567387687186,7.5104825291181365,8.010981697171381,7.566056572379368,7.301830282861897,8.071214642262895,7.984692179700499,7.894841930116472,7.915806988352745,8.238935108153079,7.969051580698835,8.342762063227953,8.406322795341099,9.292845257903494,3.2259567387687187,9.310815307820299,8.676206322795341,8.384359400998337,2.4419301164725455,4.1158069883527455,9.292179700499169,8.524792013311147,4.005657237936772,5.658901830282862,9.255906821963395,4.605990016638935,4.793677204658902,8.401996672212979,9.268219633943428,3.3198003327787022,9.577371048252912,8.593344425956738,8.578036605657237,8.644259567387687,3.355740432612313,5.012312811980033,3.990349417637271,9.380698835274542,9.01830282861897,8.83161397670549,8.906821963394343,8.32712146422629,4.874875207986689,3.4775374376039934,9.434608985024958,9.258901830282863,3.0998336106489184,3.031946755407654,8.957071547420965,9.312479201331115,5.316472545757072,5.279866888519135,9.159400998336107,8.773710482529118,8.67054908485857,8.991014975041598,6.379034941763727,6.3257903494176375,8.747753743760398,4.9094841930116475,2.7061564059900167,3.622628951747088,9.03594009983361,8.593344425956738,8.520465890183027,8.952745424292845,8.943094841930117,8.822628951747088,9.121464226289518,3.6359400998336104,3.6199667221297838,5.283527454242928,5.344425956738768,9.093843594009984,5.063893510815308,9.425956738768718,8.914808652246256,8.959400998336106
4.568053244592346,5.938435940099834,5.627953410981697,1.6931780366056572,5.168718801996672,1.7417637271214643,2.923460898502496,8.150748752079867,2.5484193011647256,2.264891846921797,6.834276206322795,6.9397670549084856,6.7550748752079866,7.2745424292845255,7.5667221297836935,7.73144758735441,6.520465890183028,1.7174708818635607,9.840931780366057,9.645257903494176,7.0256239600665555,6.9830282861896835,9.823627287853578,9.645923460898503,9.593344425956738,1.2129783693843594,1.2409317803660567,1.5507487520798668,8.271214642262896,9.279534109816971,9.45324459234609,2.4502495840266225,2.498169717138103,9.076206322795342,2.849584026622296,2.907487520798669,8.279534109816971,8.050582362728786,9.741430948419302,9.590682196339435,9.549084858569051,1.7004991680532446,9.704825291181365,8.37936772046589,9.046256239600666,1.6655574043261232,1.4798668885191348,4.2535773710482525,8.153743760399335,8.12712146422629,8.532113144758736,8.316805324459235,8.895840266222962,8.04891846921797,1.8728785357737106,5.994675540765391,8.468885191347754,8.438602329450916,8.397004991680532,8.883860232945091,8.639267886855242,1.8445923460898503,1.3480865224625624,2.8266222961730447,8.500499168053244,8.794009983361065,8.21198003327787,8.55973377703827,8.805657237936773,6.433943427620632,4.719800332778703,2.6665557404326123,4.44459234608985,2.2,2.347420965058236,7.025291181364393,7.186023294509152,7.173044925124792,3.4006655574043263,3.347088186356073,6.962396006655574,7.346422628951747,7.412645590682196,7.345091514143095,6.866555740432612,6.823294509151414,9.129118136439267,9.0369384359401,2.4728785357737104,2.3584026622296173,2.5084858569051582,7.303494176372713,7.132113144758735,5.190682196339434,6.566056572379368,7.853577371048253,7.00432612312812,7.495840266222961,7.324126455906822,8.650249584026623
7.2146422628951745,5.499833610648919,6.2579034941763725,1.0732113144758735,6.947088186356074,3.1277870216306156,2.9291181364392678,5.521131447587354,2.9637271214642262,4.5450915141430945,3.5863560732113147,9.587687188019967,8.753743760399335,7.625956738768719,8.550748752079867,8.48585690515807,9.621963394342762,9.687188019966722,1.663893510815308,1.735108153078203,8.381364392678869,8.456905158069883,6.802995008319468,6.882196339434276,6.595008319467554,7.260565723793677,6.433610648918469,7.290848585690516,7.4895174708818635,5.511480865224626,7.2399334442595675,1.8662229617304493,2.9178036605657236,6.96738768718802,2.6499168053244593,2.557071547420965,7.5970049916805324,7.740432612312812,7.525457570715474,3.82063227953411,3.818302828618968,7.2745424292845255,7.670881863560732,7.715474209650583,9.209650582362729,2.3920133111480864,8.300166389351082,4.3603993344425955,2.219966722129784,9.301830282861896,7.6525790349417635,7.681863560732113,2.9264559068219635,9.314475873544094,7.839267886855241,8.45757071547421,8.732113144758735,5.29783693843594,7.72712146422629,9.386023294509151,9.374708818635607,6.881198003327787,4.677537437603993,4.358069883527454,4.341430948419301,4.251913477537437,3.6562396006655575,7.803993344425956,7.378036605657238,8.875873544093178,4.336106489184692,4.731114808652246,7.824958402662229,5.014642262895174,3.275207986688852,5.170382695507487,8.036605657237937,7.916472545757071,7.3301164725457575,2.7437603993344424,9.16838602329451,7.462562396006655,7.829617304492513,8.097171381031615,8.885191347753743,2.1863560732113143,1.9324459234608986,9.13477537437604,8.955074875207986,8.987687188019967,4.3041597337770385,8.563394342762063,8.139767054908486,2.4575707154742097,2.469217970049917,8.184026622296173,4.172379367720466,2.913477537437604,4.501497504159734,8.093843594009984
7.13810316139767,3.214975041597338,4.940765391014975,5.988685524126456,3.5168053244592348,3.540432612312812,1.5594009983361066,9.733777038269551,7.5500831946755405,7.279201331114809,6.835940099833611,3.7650582362728784,7.7637271214642265,2.0126455906821965,2.323460898502496,9.230282861896839,1.4193011647254576,2.421630615640599,2.906821963394343,6.203327787021631,6.66955074875208,7.212645590682197,7.20432612312812,6.997670549084859,7.355074875207987,7.017970049916805,4.719800332778703,8.299833610648918,2.555074875207987,9.025956738768718,7.662229617304493,7.279201331114809,7.628951747088187,7.523793677204659,7.80765391014975,7.475873544093178,7.6698835274542425,9.265557404326124,2.655574043261231,2.7257903494176374,8.86522462562396,3.3324459234608983,5.192013311148086,7.892179700499168,8.204991680532446,8.37603993344426,4.433943427620632,8.911813643926788,7.78369384359401,8.248585690515807,7.996672212978369,9.423627287853577,8.018968386023294,4.124126455906822,3.1397670549084857,7.258236272878536,4.623960066555741,3.6069883527454243,3.6615640599001664,8.46289517470882,8.45324459234609,8.436272878535775,3.2785357737104825,9.436272878535775,8.65657237936772,8.59900166389351,8.619301164725458,8.572046589018303,3.3114808652246257,3.3004991680532445,8.236272878535774,8.693843594009984,8.027287853577372,8.631946755407654,8.303161397670548,8.662229617304492,9.405990016638935,7.145091514143095,8.159400998336107,3.7474209650582364,4.402329450915142,8.51846921797005,8.529450915141432,4.906489184692179,4.8712146422628955,3.3973377703826957,8.66522462562396,8.677537437603993,8.606322795341098,8.804658901830283,6.224292845257904,5.9484193011647255,8.523128119800333,8.821630615640599,7.381697171381032,5.914808652246256,7.2535773710482525,9.65124792013311,3.4036605657237935,3.4179700499168053
5.405324459234609,6.149417637271215,6.3430948419301165,2.1281198003327786,3.7480865224625624,0.0,6.258901830282862,0.47387687188019967,3.4455906821963396,6.760732113144758,0.7730449251247921,9.741430948419302,7.066888519134776,1.6033277870216307,9.384026622296172,5.762728785357737,5.956738768718802,5.408985024958403,9.406322795341099,0.6535773710482529,9.469217970049916,6.034941763727121,5.964392678868553,6.277870216306156,6.521464226289518,7.3257903494176375,6.852579034941764,6.705490848585691,1.0951747088186357,1.1144758735440932,5.1540765391014975,5.459900166389351,8.938768718801997,1.6831946755407654,4.950748752079867,5.825623960066555,6.2572379367720465,6.6891846921797,2.9936772046589017,3.280865224625624,3.947753743760399,7.907820299500832,2.0445923460898503,8.864226289517472,6.457570715474209,6.614975041597337,7.165058236272879,6.543427620632279,6.711480865224626,6.46955074875208,6.57504159733777,4.363394342762064,2.0722129783693846,9.221297836938437,6.8369384359401,3.475540765391015,2.4312811980033278,8.969384359400998,7.774708818635608,2.2449251247920134,9.124459234608985,4.300831946755408,2.1447587354409317,4.099500831946755,7.800332778702163,7.833277870216306,8.03261231281198,7.81198003327787,7.778369384359401,8.04559068219634,5.484525790349418,7.797337770382695,6.782362728785357,6.891514143094842,2.8602329450915143,9.349084858569052,8.776705490848586,4.369384359400998,7.048585690515807,9.304825291181364,2.9537437603993344,2.7747088186356073,7.502828618968386,7.525790349417638,7.794675540765391,9.137437603993344,3.854575707154742,4.04459234608985,8.189018302828618,7.894841930116472,3.6179700499168055,9.484193011647255,2.91846921797005,9.213976705490849,7.75973377703827,8.046589018302829,9.265890183028286,9.260565723793677,9.50316139767055,3.1534109816971716
5.846921797004992,8.029950083194676,7.639267886855241,7.204658901830283,7.790682196339434,3.4728785357737104,3.7267886855241263,5.11414309484193,4.517803660565724,8.920465890183028,9.013643926788685,0.4891846921797005,8.404658901830283,6.642928452579035,1.1420965058236272,8.977703826955075,5.160732113144759,0.653910149750416,4.764059900166389,0.8695507487520798,0.7703826955074875,5.61198003327787,5.891181364392679,6.166389351081531,5.092845257903494,5.797337770382695,5.271547420965058,5.748086522462563,5.4592346089850246,6.647920133111481,5.462562396006655,5.774376039933444,6.286189683860233,5.831281198003328,9.095507487520798,1.2196339434276207,1.6083194675540766,8.884525790349418,0.8985024958402662,6.7420965058236275,3.3703826955074874,3.1490848585690516,8.791014975041596,5.777703826955075,6.256905158069883,6.139767054908486,6.481198003327787,2.031613976705491,2.1424292845257904,6.015307820299501,3.3221297836938435,2.870549084858569,6.462229617304493,6.292179700499168,6.5970049916805324,6.1720465890183025,4.190349417637271,4.427620632279534,6.664891846921797,6.527454242928453,6.523128119800333,6.857237936772046,2.260565723793677,8.77071547420965,6.540099833610649,6.709484193011647,6.614642262895175,6.761064891846922,6.957737104825291,6.574043261231282,8.8153078202995,9.001996672212979,4.097171381031614,9.28252911813644,9.382029950083195,3.4895174708818635,5.440599001663894,5.744093178036605,8.701830282861897,8.471547420965058,3.330116472545757,3.292179700499168,6.559400998336106,4.232945091514143,4.168053244592346,5.149084858569052,3.08153078202995,4.760732113144758,6.979034941763727,7.14242928452579,7.529118136439268,2.58369384359401,2.588352745424293,7.4715474209650585,7.3610648918469215,7.766722129783694,7.864559068219634,7.790682196339434,8.578036605657237,3.7594009983361065
5.135108153078203,4.824958402662229,4.149084858569052,8.169051580698834,7.160066555740433,0.2146422628951747,3.8356073211314476,3.780033277870216,1.2296173044925125,0.33311148086522463,2.194342762063228,5.581364392678869,1.0885191347753744,0.486522462562396,9.588685524126456,6.417970049916805,6.272212978369384,5.602995008319468,6.965058236272879,5.619633943427621,0.556738768718802,0.9074875207986689,6.120465890183028,5.9094841930116475,5.670216306156406,5.5234608985024956,8.822296173044926,9.067554076539102,9.095507487520798,8.631946755407654,8.242595673876872,8.263893510815308,2.5747088186356075,2.6093178036605655,6.4029950083194676,1.973377703826955,8.84126455906822,6.398003327787022,8.271547420965058,3.2079866888519133,3.0279534109816972,2.0941763727121465,2.016971713810316,6.753078202995009,6.89783693843594,6.190349417637271,5.993011647254575,6.428286189683861,3.196006655574043,2.979034941763727,6.344093178036606,6.500166389351081,6.3214642262895175,6.676539101497504,2.1254575707154744,8.99034941763727,7.011647254575707,4.408319467554077,8.839267886855241,1.8579034941763728,6.794342762063228,7.066555740432612,7.2009983361064895,7.140432612312812,7.322795341098169,8.923128119800333,9.11514143094842,9.135108153078203,2.5683860232945093,1.6069883527454243,8.20432612312812,8.64891846921797,3.951747088186356,6.047587354409318,3.636605657237937,6.783028286189684,2.4745424292845257,9.070881863560732,5.0941763727121465,8.432279534109817,9.114475873544093,9.17271214642263,9.218302828618969,9.194009983361065,2.8069883527454245,2.1643926788685524,2.115141430948419,7.664891846921797,7.658236272878535,7.676206322795341,7.477870216306156,7.154409317803661,7.213311148086523,8.962728785357736,6.78369384359401,6.940099833610649,1.8362728785357738,7.017304492512479,2.7434276206322794,8.967054908485856
4.064891846921797,2.8409317803660565,4.882529118136439,3.594009983361065,5.063893510815308,0.37104825291181365,0.9144758735440932,4.949750415973377,8.680865224625624,8.33810316139767,1.5973377703826954,8.234608985024959,4.900831946755408,5.20432612312812,0.6831946755407654,0.5983361064891847,4.263227953410982,4.8236272878535775,4.46522462562396,4.920465890183029,6.045923460898503,5.814642262895175,5.637936772046589,6.362728785357737,6.125124792013311,8.033610648918469,7.615973377703827,2.6296173044925126,2.787021630615641,8.908818635607322,4.23261231281198,1.5633943427620631,3.1763727121464225,7.986356073211314,4.393677204658902,4.417970049916805,7.054908485856905,2.3457570715474207,2.4392678868552413,7.760732113144758,7.499500831946755,7.9094841930116475,7.9737104825291185,7.647587354409318,7.462895174708819,7.5450915141430945,4.194009983361065,4.080865224625624,8.744093178036605,9.381364392678869,2.196006655574043,2.0183028286189684,7.851247920133112,7.367054908485857,7.5667221297836935,7.912479201331115,7.706821963394343,8.286522462562395,4.723128119800333,7.21630615640599,9.306156405990016,8.324459234608986,1.6981697171381032,6.122129783693843,8.421297836938436,9.244259567387687,9.35540765391015,5.926455906821963,2.5058236272878536,5.268219633943428,2.406322795341098,4.713477537437604,8.352412645590682,5.760399334442596,8.962728785357736,8.556738768718802,2.3960066555740434,5.018968386023294,8.343760399334442,8.799334442595674,8.24226289517471,9.130116472545756,9.185024958402662,4.500831946755408,3.301497504159734,4.842928452579035,4.280532445923461,5.99567387687188,5.75108153078203,4.861231281198004,4.893843594009983,8.734109816971714,8.873211314475874,8.637936772046588,3.3703826955074874,2.574376039933444,9.178036605657239,8.64792013311148,8.721131447587354,8.380033277870217
3.2898502495840267,4.054908485856905,1.1670549084858568,0.19334442595673876,5.940765391014975,8.686522462562396,10.0,10.0,2.1763727121464225,7.786356073211315,5.499500831946755,5.768718801996672,9.124126455906822,9.135440931780366,3.8186356073211316,1.3204658901830282,8.37603993344426,6.840266222961731,6.902495840266223,6.9866888519134775,3.6449251247920134,6.854242928452579,9.234276206322795,6.713810316139767,4.439933444259568,9.175707154742096,2.4505823627287855,1.9587354409317803,8.95207986688852,8.030282861896838,4.782029950083195,3.1850249584026624,4.2,7.810981697171381,7.653577371048253,7.847587354409318,7.463227953410982,9.36638935108153,2.864559068219634,9.361064891846922,4.572046589018303,8.966389351081531,9.478535773710483,2.9813643926788687,9.195341098169717,8.073211314475873,9.299833610648918,3.0831946755407653,1.907820299500832,4.067886855241264,5.577038269550749,8.761397670549085,8.493178036605658,8.396339434276205,7.612312811980034,7.677204658901831,8.5630615640599,4.818968386023294,1.9810316139767055,3.1637271214642264,8.305823627287854,5.872545757071547,5.852579034941764,8.383361064891847,8.397004991680532,8.784359400998335,8.421297836938436,3.4249584026622295,9.362396006655574,4.90981697171381,4.7637271214642265,9.160732113144759,7.127121464226289,7.067221297836938,3.3920133111480864,3.390349417637271,8.747420965058236,8.61963394342762,8.818302828618968,8.711148086522462,9.049251247920132,9.32512479201331,4.567054908485857,4.692512479201331,8.958402662229616,9.135773710482528,2.8029950083194675,2.8402662229617306,5.014642262895174,5.140432612312812,8.640931780366056,9.084858569051582,8.9630615640599,8.904159733777039,8.604991680532446,3.5923460898502495,3.6143094841930115,8.825291181364392,9.247920133111482,7.654908485856905
5.30981697171381,7.591014975041597,4.981364392678868,0.18302828618968386,2.220299500831947,2.853910149750416,5.002995008319467,5.222961730449251,9.486189683860234,1.9148086522462562,1.9986688851913477,5.20432612312812,5.406988352745424,5.3733777038269555,8.825623960066556,8.913477537437604,8.897171381031614,9.17171381031614,7.796672212978369,1.7910149750415973,2.237936772046589,9.114475873544093,7.45324459234609,7.079201331114809,7.061231281198003,2.507820299500832,2.4738768718802,7.538768718801997,8.758402662229617,3.9124792013311147,3.8266222961730447,7.319134775374376,7.537437603993345,5.103161397670549,8.43161397670549,3.887520798668885,3.7001663893510814,7.695507487520799,2.7544093178036606,2.75108153078203,7.589018302828619,7.705490848585691,7.641930116472546,7.418302828618969,7.72712146422629,7.41198003327787,7.89783693843594,6.887520798668885,7.765723793677204,5.328452579034942,5.306156405990016,4.329783693843594,9.2369384359401,4.149084858569052,2.1477537437603993,9.283527454242929,8.894841930116472,7.241597337770383,9.519800332778702,2.908485856905158,3.151414309484193,9.372712146422629,8.95207986688852,9.266888519134776,7.269883527454243,9.241930116472545,2.5534109816971715,2.063893510815308,2.0995008319467554,8.545091514143095,8.783361064891848,8.62595673876872,8.588352745424293,8.100499168053245,9.00099833610649,2.3440931780366054,1.8908485856905157,9.287520798668885,8.798003327787022,8.739434276206323,9.34675540765391,4.700831946755407,2.572046589018303,3.426955074875208,5.317470881863561,4.043926788685524,6.188352745424293,8.460232945091514,8.823294509151415,8.417304492512478,8.95207986688852,8.790349417637271,8.62928452579035,9.439600665557405,3.5647254575707157,7.243926788685524,4.533777038269551,8.326788685524127,9.018635607321132,3.536106489184692
4.984692179700499,3.6841930116472548,3.9424292845257902,2.701164725457571,4.629284525790349,0.8772046589018303,8.83161397670549,2.85324459234609,3.961397670549085,3.89783693843594,4.566056572379368,3.9843594009983363,9.78901830282862,1.0652246256239601,1.432279534109817,6.9527454242928455,3.1810316139767054,2.112811980033278,2.962063227953411,7.199001663893511,6.895507487520798,6.681198003327787,7.1331114808652245,6.993677204658902,6.951747088186356,7.043261231281198,7.2572379367720465,6.692179700499168,6.523793677204659,6.509151414309485,6.5926788685524125,4.242928452579035,1.9667221297836939,9.035607321131447,7.070549084858569,6.677204658901831,6.796006655574043,2.531114808652246,1.410316139767055,9.126455906821963,7.379700499168053,6.992678868552413,2.5976705490848584,2.502495840266223,7.786023294509151,7.948086522462562,7.7637271214642265,2.584359400998336,9.251247920133112,7.621630615640599,7.738103161397671,2.999667221297837,2.5251247920133113,8.517138103161397,7.881863560732113,7.958735440931781,8.327787021630616,6.303826955074875,9.34875207986689,7.462895174708819,3.6036605657237937,2.3883527454242928,3.1637271214642264,9.22495840266223,4.598668885191348,4.750748752079867,8.376705490848586,8.742762063227953,8.343760399334442,8.698502495840266,8.627620632279534,4.632279534109817,9.239600665557404,2.866222961730449,7.993344425956739,8.495174708818636,9.453577371048253,9.495840266222961,3.3926788685524127,3.3806988352745426,8.537770382695507,8.866222961730449,3.459900166389351,6.573710482529118,8.386688851913478,9.254575707154743,9.06522462562396,6.230948419301165,8.106821963394342,7.181697171381032,5.071880199667222,3.4136439267886853,8.808319467554076,8.923128119800333,4.891846921797005,4.962728785357737,5.134442595673877,9.379034941763727,8.614309484193011,9.570049916805324
6.835607321131447,5.654908485856905,7.194009983361065,3.803660565723794,2.1051580698835273,5.274875207986689,10.000332778702163,5.556738768718802,2.258901830282862,1.8199667221297837,0.3211314475873544,8.880865224625625,7.120465890183028,6.804658901830283,5.716472545757072,5.619301164725457,1.9311148086522463,1.7544093178036606,7.015973377703827,5.822961730449252,5.646256239600666,5.37936772046589,5.919800332778702,6.0941763727121465,3.9430948419301166,6.582029950083195,1.124126455906822,2.1440931780366057,1.2479201331114809,9.4585690515807,6.206655574043261,7.185024958402662,6.879534109816972,6.803993344425956,6.997004991680533,6.059234608985025,8.957404326123129,8.908153078202995,8.664891846921797,1.8232945091514143,8.956073211314475,8.2369384359401,2.8123128119800334,6.422296173044925,8.769384359400998,8.971381031613976,2.1520798668885193,8.747753743760398,8.712146422628951,8.966722129783694,2.06522462562396,8.909484193011647,3.6632279534109817,1.6951747088186355,8.951414309484193,7.251247920133111,6.651247920133112,9.039933444259567,1.7703826955074875,1.843261231281198,9.064559068219634,7.088851913477537,7.318801996672213,2.6356073211314475,9.150748752079867,7.703494176372712,7.766389351081531,7.251247920133111,7.119800332778702,3.669883527454243,2.090848585690516,6.679201331114808,8.022628951747087,7.651580698835274,7.58369384359401,5.1417637271214645,6.189683860232945,4.437936772046589,9.100831946755408,7.707487520798669,6.899168053244592,5.543760399334443,4.337104825291181,9.012645590682196,7.980033277870216,4.668885191347754,2.2133111480865226,4.35440931780366,8.242928452579035,4.07287853577371,3.9643926788685526,7.788685524126456,7.730116472545757,8.571048252911813,9.366056572379367,2.5171381031613977,7.7124792013311145,8.094509151414309,9.209317803660566,2.9770382695507487
7.144425956738769,4.1630615640599,0.9530782029950083,0.23460898502495842,3.6183028286189685,1.113477537437604,6.560066555740432,6.628618968386023,7.089184692179701,8.270549084858569,9.545424292845258,9.557404326123129,9.428618968386024,2.1207986688851914,1.9803660565723793,8.443261231281198,8.320465890183028,7.705823627287853,7.662229617304493,1.3281198003327788,9.523128119800333,7.281863560732113,7.797004991680533,7.945091514143095,7.931780366056572,7.782362728785357,8.202329450915142,8.107487520798669,6.44026622296173,2.777371048252912,2.8838602329450915,7.968386023294509,7.953743760399335,9.055906821963394,1.7603993344425957,9.125790349417636,6.727454242928452,4.380033277870217,7.8928452579034944,2.2941763727121463,2.260232945091514,6.946422628951747,7.329118136439268,7.200332778702163,7.123460898502496,7.22063227953411,3.785024958402662,3.935440931780366,7.671880199667221,7.9058236272878535,7.522129783693844,7.663227953410981,2.7906821963394344,2.2575707154742095,8.576705490848585,7.932113144758736,8.064226289517471,3.9098169717138105,4.086855241264559,8.43161397670549,5.170382695507487,8.66089850249584,7.925790349417637,8.080532445923462,8.077537437603993,7.943094841930116,7.895174708818636,2.945757071547421,2.9693843594009985,7.932778702163062,7.613311148086522,8.210316139767055,5.466222961730449,3.528785357737105,8.797670549084858,7.808985024958402,8.374376039933445,8.12279534109817,7.936106489184692,8.946089850249583,2.8019966722129785,1.8792013311148086,2.805990016638935,8.179034941763726,8.169384359400999,8.186688851913477,8.154076539101498,8.55440931780366,8.056239600665558,8.218635607321131,8.14908485856905,4.663560732113145,2.318136439267887,4.627620632279534,4.231613976705491,7.282861896838602,5.629950083194675,8.285524126455908,8.22495840266223,7.918136439267887
1.6612312811980032,6.269217970049917,4.063893510815308,2.2356073211314476,0.15074875207986688,5.741098169717138,5.69351081530782,3.5920133111480865,2.8821963394342762,2.129450915141431,9.399001663893511,9.368386023294509,0.36838602329450915,3.1584026622296175,8.643594009983362,8.678535773710482,5.934442595673877,1.6738768718801997,2.1880199667221296,4.873544093178037,5.299168053244593,4.920465890183029,4.85757071547421,5.666888519134775,4.883527454242929,5.764725457570716,5.47720465890183,5.088851913477537,2.3437603993344425,6.250582362728785,1.8146422628951746,2.0399334442595674,6.054908485856905,6.3826955074875205,6.299500831946755,6.448585690515807,6.030948419301165,3.237271214642263,8.353743760399334,6.542429284525791,6.818968386023294,8.06189683860233,2.1653910149750417,9.106821963394342,7.072212978369384,7.31514143094842,2.6465890183028287,2.6246256239600667,5.4938435940099835,3.4369384359400996,6.151747088186356,8.788352745424293,4.02928452579035,4.095507487520798,8.17603993344426,7.520798668885192,8.157071547420966,7.915806988352745,9.095174708818636,2.8169717138103163,9.198336106489185,7.842262895174708,7.982695507487521,7.904825291181364,4.426289517470882,8.808319467554076,9.191347753743761,2.8768718801996673,9.42396006655574,7.705490848585691,7.870549084858569,7.752079866888519,7.954409317803661,7.978369384359401,7.212312811980033,2.215640599001664,5.328119800332779,5.406988352745424,3.5653910149750416,7.221297836938436,7.958735440931781,8.253910149750416,8.33477537437604,8.103494176372712,5.736106489184692,9.571048252911813,3.0898502495840265,3.1707154742096506,4.739767054908486,6.1763727121464225,9.300166389351082,8.570382695507487,5.776372712146423,5.743427620632279,8.172046589018302,8.67054908485857,8.554742096505823,9.554076539101498,9.478868552412646,5.806655574043261
4.247587354409318,5.799667221297837,6.462229617304493,1.983028286189684,8.761064891846921,2.5104825291181365,5.336772046589019,0.7164725457570715,9.75440931780366,9.84991680532446,9.229617304492512,0.16838602329450916,0.6941763727121464,6.3011647254575704,6.4332778702163065,5.804991680532446,5.197004991680532,6.226289517470882,1.7544093178036606,1.6778702163061565,9.567720465890183,3.3584026622296173,0.6296173044925125,1.8362728785357738,5.987687188019967,5.95540765391015,5.646256239600666,6.265557404326123,5.491181364392679,5.95540765391015,5.650249584026622,6.194342762063228,8.918136439267887,1.9084858569051582,8.813311148086523,5.903494176372712,6.260232945091514,6.277870216306156,6.371381031613977,2.1118136439267885,8.745091514143095,6.1121464226289515,3.1683860232945094,3.0772046589018305,6.772046589018303,8.802995008319467,2.026622296173045,8.933444259567388,6.345424292845258,6.747420965058236,3.573710482529118,6.9058236272878535,9.225623960066557,2.61198003327787,2.679534109816972,2.6329450915141432,7.667221297836939,7.556405990016639,7.834276206322795,7.637603993344426,7.619301164725457,7.947420965058236,7.503161397670549,7.603993344425957,4.002329450915141,4.088519134775375,4.163394342762063,2.1876871880199666,2.8386023294509153,7.845590682196339,5.213976705490849,5.254242928452579,7.745091514143095,7.96738768718802,7.335773710482529,7.754076539101497,7.785024958402662,8.026289517470882,2.9480865224625625,9.230615640599002,7.920133111480865,4.5191347753743765,8.98801996672213,8.349417637271214,3.119467554076539,9.308485856905158,8.213976705490849,4.237603993344426,4.153743760399334,9.133444259567387,7.226622296173045,4.699833610648918,3.134109816971714,8.23361064891847,4.587354409317804,4.5580698835274545,8.882196339434277,5.787021630615641,7.986356073211314,3.1663893510815306
2.7930116472545756,5.658901830282862,8.44459234608985,0.7580698835274542,1.6083194675540766,6.210648918469218,6.2622296173044925,9.226622296173044,4.14242928452579,9.257903494176373,8.605657237936772,8.096505823627288,7.663560732113145,4.013643926788686,4.10648918469218,5.674542429284526,4.996339434276206,7.474209650582362,7.992013311148087,8.162728785357737,7.929783693843594,7.7853577371048255,7.75973377703827,3.1544093178036605,3.0569051580698834,8.473211314475874,3.196339434276206,3.1271214642262897,8.60332778702163,8.34342762063228,8.566389351081531,8.459567387687189,8.583693843594009,8.509151414309484,8.601331114808652,8.039600665557405,8.116472545757071,8.287520798668885,4.797670549084859,9.19567387687188,9.266888519134776,5.556405990016639,5.7124792013311145,8.670881863560732,3.095507487520799,1.513144758735441,6.113477537437604,3.0422628951747086,3.0625623960066557,6.321131447587354,6.739767054908486,3.0445923460898503,7.984692179700499,6.603660565723794,7.568386023294509,1.7410981697171382,1.6645590682196338,6.35440931780366,6.595673876871881,6.975374376039934,6.30648918469218,7.241930116472545,3.370715474209651,8.351747088186356,7.4895174708818635,3.5384359400998338,7.696838602329451,5.197004991680532,8.561397670549084,6.701497504159734,4.463893510815308,8.247920133111482,1.7853577371048253,1.7976705490848586,3.664226289517471,3.6562396006655575,7.227953410981697,6.6,6.956073211314476,7.2059900166389355,7.079201331114809,7.227620632279534,7.475540765391015,6.712811980033278,2.0299500831946755,9.029950083194676,8.377703826955075,7.718136439267887,2.3540765391014977,9.033943427620633,7.699833610648918,2.7587354409317806,2.8339434276206323,7.517138103161398,8.70549084858569,4.242262895174709,2.756405990016639,3.8948419301164727,7.628951747088187,8.44459234608985
6.761730449251248,6.956405990016639,2.480532445923461,3.2116472545757073,0.3803660565723794,0.1870216306156406,0.9021630615640599,1.6455906821963395,7.55973377703827,6.227620632279534,7.659234608985025,6.783361064891847,7.486189683860233,7.265557404326123,7.7174708818635605,7.644925124792013,9.562728785357738,9.557404326123129,9.552412645590682,2.923460898502496,2.150748752079867,4.337437603993345,3.614642262895175,3.8995008319467552,8.029950083194676,7.789018302828619,6.285191347753743,6.297171381031614,8.916139767054908,8.85324459234609,1.880199667221298,8.727787021630615,6.490848585690515,6.432279534109817,8.911148086522463,1.5637271214642263,1.6462562396006655,6.543094841930117,3.0249584026622296,8.663560732113146,6.646921797004992,6.199667221297837,6.31846921797005,2.3148086522462563,9.005990016638934,7.0645590682196335,8.359068219633944,3.600665557404326,9.026622296173045,9.175707154742096,4.458236272878536,4.443926788685524,8.66189683860233,3.4628951747088186,8.771048252911813,3.9700499168053245,4.04891846921797,6.70216306156406,2.000665557404326,2.578036605657238,8.602662229617305,8.306821963394343,5.356073211314476,8.422628951747088,7.851913477537438,8.227620632279534,7.688851913477538,9.162728785357737,2.9291181364392678,2.8479201331114807,7.76738768718802,8.90216306156406,4.0645590682196335,5.1630615640599,5.284858569051581,3.5846921797004994,4.492845257903494,8.189351081530782,7.905490848585691,3.0409317803660567,9.324792013311148,8.15108153078203,8.109484193011648,7.929118136439268,7.874875207986689,3.0828618968386023,3.0875207986688853,8.44792013311148,8.089517470881864,8.03594009983361,9.019966722129784,4.3610648918469215,4.288851913477537,8.322462562396007,4.7427620632279535,9.253910149750416,5.648585690515807,8.765058236272878,8.266222961730449,3.2725457570715473
3.416971713810316,6.794342762063228,5.933777038269551,6.22828618968386,9.95973377703827,1.1131447587354408,5.0509151414309486,4.323793677204659,3.508818635607321,3.931114808652246,8.631613976705491,8.630948419301165,2.6589018302828618,2.942762063227953,6.323128119800333,2.366389351081531,1.2086522462562397,1.7850249584026623,5.400665557404326,6.147420965058236,6.285524126455907,6.580698835274543,6.124792013311148,6.662229617304493,6.342096505823627,6.919800332778702,6.3820299500831945,6.489850249584027,6.855574043261231,6.563394342762063,2.232945091514143,2.042928452579035,6.883860232945091,3.7004991680532444,5.990016638935108,8.631613976705491,8.687520798668885,3.7281198003327787,8.801663893510815,7.576705490848585,7.109484193011648,7.35440931780366,7.456905158069883,7.5450915141430945,9.010316139767054,2.626622296173045,1.8788685524126456,2.9121464226289517,8.712811980033278,7.859567387687188,8.642595673876873,8.68352745424293,8.789351081530782,8.95440931780366,2.308818635607321,4.669217970049917,5.5450915141430945,5.6569051580698835,8.827620632279535,5.675207986688852,3.351414309484193,5.532445923460899,8.210648918469218,3.0362728785357738,9.120798668885191,8.32279534109817,7.661896838602329,8.377371048252911,8.039600665557405,8.187354409317804,8.146422628951747,4.605324459234609,4.645923460898502,9.082861896838603,9.313810316139767,4.036272878535773,9.450915141430949,5.659567387687188,7.22495840266223,5.566056572379368,7.864559068219634,4.958402662229617,2.363394342762063,4.516805324459234,9.11747088186356,9.260565723793677,9.207986688851914,4.74675540765391,4.556073211314476,8.533111480865225,3.1487520798668887,3.3071547420965057,8.367720465890184,6.046921797004992,8.915474209650583,8.273544093178037,8.463893510815307,9.1261231281198,4.711480865224626,4.414642262895175
7.9224625623960065,4.002662229617305,0.9620632279534109,1.2738768718801996,6.450249584026622,7.841930116472546,6.7557404326123125,0.5850249584026622,0.4745424292845258,3.153078202995008,5.278535773710482,4.500499168053245,0.13377703826955076,0.11014975041597337,5.769051580698835,0.7537437603993344,1.0635607321131448,4.99567387687188,4.6352745424292845,4.921131447587355,4.711480865224626,4.977703826955075,5.414642262895175,4.821963394342762,4.8452579034941765,5.009650582362728,4.649916805324459,5.061231281198003,4.948752079866889,4.791680532445923,7.241597337770383,7.256905158069883,2.8742096505823627,1.5267886855241264,4.9910149750415975,5.993011647254575,2.9420965058236273,3.4349417637271213,5.652246256239601,5.459900166389351,5.891514143094842,7.868219633943427,6.5108153078203,3.91414309484193,1.8076539101497504,4.193344425956739,8.80099833610649,8.836605657237937,1.994675540765391,5.288186356073211,6.823294509151414,3.4985024958402664,3.2881863560732114,6.700831946755407,6.663560732113145,6.7600665557404325,6.602995008319468,6.623294509151414,9.020965058236273,4.3221297836938435,9.227620632279534,3.344425956738769,9.230282861896839,8.762728785357737,9.254575707154743,9.238935108153079,3.6286189683860233,7.702495840266223,8.147753743760399,3.286855241264559,5.41198003327787,6.649251247920133,3.730116472545757,5.536772046589018,6.901164725457571,2.7856905158069885,9.137770382695507,7.44891846921797,4.797670549084859,8.280865224625623,2.075540765391015,3.5084858569051582,3.765391014975042,7.483194675540766,8.789351081530782,4.002662229617305,4.044925124792013,7.4296173044925125,2.799001663893511,2.3740432612312814,8.352412645590682,8.017970049916805,7.849251247920133,7.994009983361065,5.117470881863561,8.772712146422629,8.82396006655574,4.038269550748752,3.9846921797004993,8.149750415973378
7.7168053244592345,5.3863560732113145,4.643261231281198,4.206655574043261,3.9217970049916806,5.418968386023295,9.997004991680532,0.24625623960066556,0.3777038269550749,6.9477537437604,6.294176372712147,9.455241264559069,0.2292845257903494,1.3990016638935108,5.427953410981697,0.9920133111480866,0.8569051580698835,5.452246256239601,5.041930116472546,1.2119800332778703,8.646256239600666,4.942096505823628,5.171048252911814,7.681863560732113,2.284858569051581,8.134442595673876,5.187354409317804,5.461896838602329,5.182362728785358,1.5460898502495841,8.919800332778703,6.547088186356073,6.626955074875208,5.818968386023294,6.994342762063228,2.1643926788685524,4.043926788685524,8.273544093178037,3.4086522462562394,3.1158069883527455,6.745424292845258,6.702828618968386,6.374708818635607,7.078202995008319,6.395008319467554,6.6525790349417635,7.230948419301165,6.947088186356074,2.1594009983361064,8.866222961730449,6.789018302828619,6.986023294509152,6.497171381031614,7.305158069883528,1.7993344425956739,1.8745424292845259,7.041930116472546,7.5970049916805324,4.034608985024958,8.640931780366056,7.379034941763727,7.6266222961730445,2.5990016638935107,9.110482529118137,7.580366056572379,7.466222961730449,3.717470881863561,3.722462562396007,7.063227953410982,4.429284525790349,9.281198003327788,7.554742096505824,4.4851913477537435,7.070881863560732,9.324459234608986,2.4572379367720467,7.928785357737105,8.738435940099833,8.7044925124792,7.120798668885191,4.644925124792013,2.923793677204659,4.4851913477537435,4.536772046589018,7.97504159733777,4.3437603993344425,5.484193011647254,8.655906821963395,5.729783693843594,2.7141430948419303,9.495174708818636,8.276871880199668,8.319134775374376,8.332445923460899,8.094509151414309,9.081863560732113,9.305158069883527,3.114808652246256,9.259567387687188,8.588352745424293
9.056905158069883,6.57504159733777,5.55108153078203,1.2742096505823628,0.14043261231281198,7.548086522462563,4.269217970049917,2.3114808652246257,0.27820299500831946,1.0675540765391014,7.335440931780366,1.8206322795341099,3.140432612312812,3.442595673876872,3.906821963394343,5.335108153078203,6.006988352745425,4.873544093178037,4.220965058236273,5.475540765391015,3.7663893510815307,8.22063227953411,1.6063227953410981,1.7916805324459235,4.94342762063228,4.920465890183029,1.0455906821963394,0.8605657237936772,4.618635607321131,0.6642262895174709,0.8212978369384359,4.900831946755408,5.042595673876872,4.642262895174709,5.294176372712147,5.537104825291181,5.38702163061564,4.654908485856905,5.24891846921797,7.896838602329451,7.869217970049917,8.138435940099834,2.1693843594009983,2.113144758735441,5.4462562396006655,5.0768718801996675,5.542096505823627,5.3517470881863565,5.743760399334443,5.524459234608985,5.928119800332778,1.3846921797004992,8.696505823627287,5.276206322795341,5.791347753743761,5.846256239600666,5.498169717138103,5.590682196339435,5.2535773710482525,1.8339434276206323,1.8176372712146422,5.713810316139767,6.44026622296173,6.207986688851913,6.740432612312812,3.113144758735441,2.799001663893511,6.361397670549085,6.871880199667221,6.766056572379368,8.17504159733777,6.30549084858569,6.229617304492512,1.5700499168053244,6.662895174708819,6.444259567387687,6.416971713810316,2.2139767054908486,8.861231281198004,3.8149750415973376,8.581697171381032,7.35873544093178,7.121131447587355,9.06955074875208,9.021963394342762,9.090848585690516,5.459900166389351,1.3663893510815308,4.900499168053245,7.747088186356073,8.983361064891847,5.526788685524126,6.190016638935108,8.674542429284525,9.005990016638934,2.146089850249584,1.4126455906821964,5.61198003327787,7.996006655574043,8.850249584026622
2.280865224625624,4.355740432612313,2.368718801996672,0.05291181364392679,4.345424292845258,0.0,0.0,0.6356073211314476,0.6455906821963394,0.7886855241264559,0.9217970049916805,1.178036605657238,1.4509151414309485,4.682529118136439,4.292845257903494,5.349084858569052,5.190349417637271,5.25324459234609,5.6389351081530785,5.906156405990017,5.386023294509151,5.765391014975042,5.246256239600665,6.505490848585691,6.0645590682196335,6.372379367720466,8.98169717138103,8.7783693843594,2.6685524126455906,8.44359400998336,2.751414309484193,7.913477537437604,2.9990016638935106,2.8951747088186357,6.381697171381032,4.7680532445923465,4.7767054908485855,6.398336106489185,8.135108153078203,6.6738768718802,2.415973377703827,8.132445923460898,3.1520798668885193,8.139101497504159,6.5148086522462565,8.303161397670548,8.33144758735441,6.72279534109817,2.5251247920133113,7.7600665557404325,8.482529118136439,4.722462562396006,3.030948419301165,6.885191347753744,4.329783693843594,7.637271214642263,3.7530782029950083,8.808985024958403,5.111148086522463,3.4605657237936773,5.25757071547421,4.6569051580698835,3.281198003327787,3.4732113144758734,8.207986688851914,7.5407653910149754,5.655906821963394,5.620965058236273,8.056905158069883,4.920133111480865,3.8415973377703825,6.417304492512479,7.636605657237936,7.546422628951747,7.77603993344426,7.797337770382695,4.523793677204659,8.822296173044926,5.794675540765391,3.784359400998336,8.865890183028286,8.282861896838602,5.174708818635607,7.846256239600666,6.569717138103162,4.614975041597337,8.743760399334443,8.442262895174709,5.522129783693844,7.3437603993344425,5.870216306156406,3.837603993344426,8.712146422628951,8.213311148086522,4.618968386023295,8.866222961730449,6.502828618968386,7.981697171381032,7.373710482529118,3.9294509151414307
